14_LAT,14_AMP,14_LAR,14_AAMP,14_ALAR,14_PAR,14_NAR,14_TAR,14_ATAR,14_TAAR,14_AASS,14_PP,14_PPT,14_PPS,14_ZC,14_ZCD,21_LAT,21_AMP,21_LAR,21_AAMP,21_ALAR,21_PAR,21_NAR,21_TAR,21_ATAR,21_TAAR,21_AASS,21_PP,21_PPT,21_PPS,21_ZC,21_ZCD,22_LAT,22_AMP,22_LAR,22_AAMP,22_ALAR,22_PAR,22_NAR,22_TAR,22_ATAR,22_TAAR,22_AASS,22_PP,22_PPT,22_PPS,22_ZC,22_ZCD,27_LAT,27_AMP,27_LAR,27_AAMP,27_ALAR,27_PAR,27_NAR,27_TAR,27_ATAR,27_TAAR,27_AASS,27_PP,27_PPT,27_PPS,27_ZC,27_ZCD,target
255,7,0.03061126138716534,16.793310372305275,0.03061126138716534,433.4837568039629,-608.4353706004047,-174.95161379644128,174.95161379644128,1041.9191274043678,0.730471566949194,24.599182026032437,70,0.35141688608617766,23,0.32857142857142857,255,8,0.03393068999155071,18.74468220174671,0.03393068999155071,497.9062789007274,-668.0459153254889,-170.13963642476187,170.13963642476187,1165.9521942262159,0.76519568108746,27.39700814959214,70,0.3913858307084591,21,0.3,255,9,0.035601504853886884,19.988915207676627,0.035601504853886884,512.2714830913993,-713.2721149315574,-201.00063184015784,201.00063184015784,1225.5435980229572,0.795354214222107,29.067298945417782,70,0.4152471277916826,16,0.22857142857142856,256,7,0.028768541539313863,15.977326582644038,0.028768541539313863,416.0784594225239,-575.7011258752148,-159.62266645269085,159.62266645269085,991.7795852977389,0.7401866630747387,23.342073216708386,71,0.32876159460152654,13,0.18309859154929578,14
153,2,0.016028043750446246,2.9642319999515574,0.016028043750446246,99.50322775048092,-124.1975428563308,-24.694315105849896,24.694315105849896,223.70077060681174,0.38022996496954686,5.416522693769833,127,0.04264978499031365,88,0.6929133858267716,53,2,0.041036215632185555,2.1749194285058344,0.041036215632185555,72.99002881085819,-81.9787193541875,-8.988690543329373,8.988690543329373,154.9687481650456,0.32209674125573906,4.273627008012838,-52,-0.08218513476947766,104,-2.0,153,2,0.01326655860729818,2.2219178167784355,0.01326655860729818,75.19476719157328,-90.98200240118226,-15.787235209608918,15.787235209608918,166.17676959275548,0.2900303081746152,4.251701283695057,84,0.050615491472560205,100,1.1904761904761905,152,4,0.026613743609154184,5.036204738283524,0.026613743609154184,133.37862349763185,-181.53539478521205,-48.15677128758008,48.15677128758008,314.9140182828441,0.5628136681205013,9.08149376687496,-45,-0.20181097259722133,56,-1.2444444444444445,14
252,30,0.1207033186167684,56.86222270626484,0.1207033186167684,1293.5406326118753,-1673.660352294029,-380.11971968215374,380.11971968215374,2967.2009849059036,4.610521954998769,87.27945899769048,232,0.3762045646452176,7,0.03017241379310345,252,25,0.09956752012101465,53.629520439146205,0.09956752012101465,1129.0472525751306,-1576.441226543699,-447.39397396856737,447.39397396856737,2705.488479118829,4.174929053953742,78.7205355096419,232,0.3393126530588013,8,0.034482758620689655,252,26,0.10559782945289194,54.52516083891053,0.10559782945289194,1209.7716784515774,-1630.55446939107,-420.78279093949243,420.78279093949243,2840.3261478426484,4.347690039293215,81.1358138610393,232,0.349723335607928,8,0.034482758620689655,252,25,0.10064932997719914,52.35290353671807,0.10064932997719914,1200.7434962629277,-1644.3134633720888,-443.56996710916076,443.56996710916076,2845.0569596350174,4.134111954613739,77.71653469097225,232,0.33498506332315625,5,0.021551724137931036,14
234,12,0.05448444274291163,16.202265815355048,0.05448444274291163,684.8261765348709,-630.9224807517788,53.90369578309202,53.90369578309202,1315.7486572866494,1.689050201343533,28.951625417196368,195,0.14846987393434036,12,0.06153846153846154,170,2,0.015410280621589714,3.3646021936209825,0.015410280621589714,134.52281511631196,-147.3624992151834,-12.839684098871352,12.839684098871352,281.88531433149524,0.466990019733715,5.984349899291233,152,0.03937072302165285,80,0.5263157894736842,183,3,0.017612084235243897,4.0674799754480855,0.017612084235243897,142.30738983389324,-168.76465276382444,-26.457262929931087,26.457262929931087,311.07204259771765,0.44086653141493265,7.290491390497719,166,0.04391862283432361,76,0.4578313253012048,181,8,0.04644847675571573,8.407174292784546,0.04644847675571573,295.4681885225475,-353.2599201697571,-57.79173164720963,57.79173164720963,648.7281086923048,0.8159079760343642,15.239502216797998,-54,-0.2822130040147777,39,-0.7222222222222222,14
3,9,3.1910359282351024,10.420097024009147,3.1910359282351024,319.7045788779905,-329.9217048695619,-10.217125991571319,10.217125991571319,649.6262837475523,0.7717703485129359,19.993204808714452,-25,-0.7997281923485781,42,-1.68,3,9,3.0986338917316902,10.303427004422055,3.0986338917316902,333.5296423861911,-332.92659462492145,0.6030477612695,0.6030477612695,666.4562370111124,0.7521141081253063,19.599328679617123,-176,-0.11135982204327911,48,-0.2727272727272727,3,10,3.5528519797807463,10.663593246303211,3.5528519797807463,339.39862167241836,-339.0795014143981,0.31912025802024413,0.31912025802024413,678.4781230868161,0.8368530184318204,21.32214918564545,-176,-0.12114857491844006,40,-0.22727272727272727,85,7,0.08554410935469624,9.176561086461916,0.08554410935469624,314.7311998218604,-317.84967702081144,-3.1184771989510027,3.1184771989510027,632.5808768426724,0.7105595586127919,16.447810381611095,-94,-0.1749767061873521,30,-0.3191489361702128,14
98,3,0.0333631448986575,4.3114442861166165,0.0333631448986575,135.16932049518712,-153.20291111950553,-18.03359062431823,18.03359062431823,288.3722316146926,0.412836854957948,7.581032486185052,72,0.10529211786368127,62,0.8611111111111112,97,1,0.01968523662403276,3.2365779738636538,0.01968523662403276,89.17071306640075,-111.66295508635285,-22.49224201995207,22.49224201995207,200.8336681527536,0.24852165217028996,5.146045926394832,70,0.07351494180564046,80,1.1428571428571428,101,2,0.022323477670299956,3.209378096336246,0.022323477670299956,100.36906003821008,-127.38605618252524,-27.01699614431518,27.01699614431518,227.75511622073532,0.28903996098278234,5.464049341036542,75,0.07285399121382057,86,1.1466666666666667,97,5,0.051594747665184904,9.898941124038396,0.051594747665184904,216.89613165194896,-273.630052969704,-56.73392131775498,56.73392131775498,490.5261846216533,0.5428855022341239,14.903631647561332,71,0.20991030489523002,42,0.5915492957746479,14
213,46,0.21680817711505646,54.73722164899342,0.21680817711505646,2329.0438101361124,-1836.0865312635174,492.95727887259716,492.95727887259716,4165.1303413996275,5.032560785751833,100.91736337450044,139,0.7260241969388521,3,0.02158273381294964,213,45,0.2139601138776158,52.51334067219457,0.2139601138776158,2307.089247409008,-1823.1485944726346,483.94065293637374,483.94065293637374,4130.23784188164,5.069735077039634,98.08684492812674,139,0.7056607548786096,3,0.02158273381294964,214,42,0.20007260592450068,53.53119428806862,0.20007260592450068,2329.063959606722,-1856.8991910814902,472.16476852523357,472.16476852523357,4185.9631506882115,4.995417134854483,96.34673195591176,140,0.6881909425422269,2,0.014285714285714285,213,46,0.21632769689215003,51.555245657747264,0.21632769689215003,2268.4490380844113,-1834.302792416421,434.1462456679888,434.1462456679888,4102.7518305008325,4.964046561360425,97.63304509577523,139,0.702396007883275,3,0.02158273381294964,14
81,52,0.6462720802910009,52.348038503571075,0.6462720802910009,1564.5147744248852,-1910.5470494798215,-346.03227505493794,346.03227505493794,3475.061823904703,4.23693128035232,94.96998632441623,5,18.993997264883244,4,0.8,194,9,0.047181835647295375,9.153276115575302,0.047181835647295375,270.858178147472,-256.10890412829076,14.749274019181252,14.749274019181252,526.9670822757627,0.5458271696856789,15.40070853297781,63,0.24445569099964776,43,0.6825396825396826,194,9,0.050131346602111604,9.725481240809652,0.050131346602111604,282.00566056990107,-265.7238284448123,16.281832125088663,16.281832125088663,547.7294890147141,0.5609414402852195,15.91742738711126,59,0.26978690486629253,36,0.6101694915254238,194,15,0.07770580671509134,15.07492650272772,0.07770580671509134,724.3179145916881,-611.8838888073749,112.43402578431308,112.43402578431308,1336.2018033990616,1.6065735067638538,28.296836335916968,143,0.19787997437704175,14,0.0979020979020979,14
67,11,0.16507373779019366,11.059940431942975,0.16507373779019366,437.6637701596338,-409.18959701482686,28.47417314480673,28.47417314480673,846.8533671744614,0.7729550563904006,21.47580378311027,41,0.5238000922709821,26,0.6341463414634146,67,10,0.1591849460092928,10.78946121816743,0.1591849460092928,451.763978172804,-414.8968239127798,36.8671542600243,36.8671542600243,866.6608020855839,0.8374923250174968,21.454852600790048,40,0.5363713150197512,27,0.675,67,10,0.15947149468856936,10.723249690883348,0.15947149468856936,463.85238629415613,-417.91692452304426,45.93546177111183,45.93546177111183,881.7693108172,0.8238691420043293,21.407839835017494,41,0.5221424350004267,22,0.5365853658536586,9,8,0.9601933001890894,9.428229822370762,0.9601933001890894,410.2662585078597,-398.48285556462093,11.783402943238803,11.783402943238803,808.7491140724807,0.7704930270504531,18.06996952407257,-19,-0.9510510275827668,32,-1.6842105263157894,14
106,2,0.025357183495433,2.8757936628491074,0.025357183495433,89.90769244821605,-138.55983645802218,-48.65214400980601,48.65214400980601,228.46752890623821,0.3825017980399083,5.563655113365005,87,0.0639500587743104,90,1.0344827586206897,105,2,0.0197996791350358,2.598236862294628,0.0197996791350358,84.69739078030364,-114.26577548026857,-29.568384699965033,29.568384699965033,198.96316626057228,0.3148367687759065,4.677203171473387,92,0.05083916490731943,97,1.0543478260869565,39,2,0.057948459779337415,3.1192029841256472,0.057948459779337415,88.5478845733187,-119.03305476629953,-30.485170192980842,30.485170192980842,207.58093933961814,0.28711373440909105,5.379192915519806,26,0.20689203521230023,87,3.3461538461538463,106,5,0.04739150637757217,6.006917788037191,0.04739150637757217,165.66059062192997,-236.87954070504892,-71.21895008311915,71.21895008311915,402.5401313269794,0.48500636242332706,11.030417464059841,88,0.12534565300068,54,0.6136363636363636,14
32,29,0.9209198347620785,34.2231156330718,0.9209198347620785,1222.8132257589716,-1342.778775162849,-119.96554940387745,119.96554940387745,2565.592000921821,4.615649604943674,63.692550345458315,13,4.89942694965064,10,0.7692307692307693,136,30,0.22599728736202596,37.03294328599236,0.22599728736202596,1220.728243710694,-1329.9644979242585,-109.23625421356441,109.23625421356441,2550.6927416349517,4.494337259534951,67.76857436722788,117,0.5792185843352811,9,0.07692307692307693,32,30,0.9386339951435305,35.95124830370856,0.9386339951435305,1373.856686296868,-1354.0484889882362,19.808197308632113,19.808197308632113,2727.905175285104,4.65679472709048,65.98753614830153,13,5.075964319100118,5,0.38461538461538464,136,32,0.2387174245535812,36.18343288122504,0.2387174245535812,1262.6948949830014,-1353.4419174553475,-90.74702247234481,90.74702247234481,2616.136812438348,4.514004093797402,68.64900262051208,117,0.5867436121411289,6,0.05128205128205128,14
106,26,0.2545931208247371,29.220544121277708,0.2545931208247371,1200.036428157981,-1583.0829449748244,-383.0465168168434,383.0465168168434,2783.1193731328085,1.5885526101618221,56.20741492869985,-48,-1.1709878110145802,9,-0.1875,89,6,0.06827453210778378,6.076433357592756,0.06827453210778378,201.26700179026136,-162.70923572289206,38.55776606736913,38.55776606736913,363.9762375131537,0.5079796515205838,10.11807658839656,-69,-0.14663879113618203,45,-0.6521739130434783,89,6,0.0739072456628631,6.577744863994815,0.0739072456628631,215.16166155049538,-178.08690774070618,37.07475380978931,37.07475380978931,393.2485692912015,0.5053230605182805,10.892587941161096,-70,-0.15560839915944424,49,-0.7,14,9,0.6942226038117577,9.719116453364608,0.6942226038117577,527.6993773947192,-370.2626450823629,157.43673231235658,157.43673231235658,897.9620224770821,0.8602905068961744,19.236150236355076,-111,-0.17329865077797366,18,-0.16216216216216217,14
9,8,0.929390935488748,11.733381008611794,0.929390935488748,315.422927120565,-295.7757692849569,19.64715783560795,19.64715783560795,611.1986964055219,0.7150095503471359,20.097899428010525,-19,-1.0577841804216066,39,-2.0526315789473686,9,8,0.9540875816573203,11.266967431751322,0.9540875816573203,341.2719842641739,-329.26061453755426,12.011369726619671,12.011369726619671,670.5325988017283,0.7075343488325689,19.853755666667205,-20,-0.9926877833333603,42,-2.1,9,8,0.9388338318546593,11.704592955628796,0.9388338318546593,342.3605801938046,-341.51469762643666,0.8458825673677328,0.8458825673677328,683.8752778202414,0.7561639113519064,20.15409744232073,-20,-1.0077048721160364,39,-1.95,9,7,0.8076063734681094,9.190587397321679,0.8076063734681094,337.2505058379143,-315.9403538377442,21.310152000170106,21.310152000170106,653.1908596756584,0.6705305374300606,16.459044758534663,-22,-0.748138398115212,31,-1.4090909090909092,14
140,3,0.02235091785891459,4.747675389302879,0.02235091785891459,126.55234493609322,-175.4708920214442,-48.91854708535098,48.91854708535098,302.02323695753773,0.48323019662782757,7.876803889550922,99,0.07956367565202951,70,0.7070707070707071,137,2,0.014752005535194254,2.7536055077972903,0.014752005535194254,78.19510829248242,-103.85901185692899,-25.663903564446542,25.663903564446542,182.0541201494113,0.31493790962687107,4.774630266118903,126,0.037893891000943675,91,0.7222222222222222,61,2,0.035429917843627805,3.15857655365751,0.035429917843627805,92.85905841852309,-122.2030499312209,-29.343991512697833,29.343991512697833,215.06210834974374,0.3383231765509164,5.319801542118807,50,0.10639603084237613,77,1.54,149,4,0.0284212364940407,6.226429914728237,0.0284212364940407,196.48913312042023,-230.41444764819602,-33.92531452777569,33.92531452777569,426.903580768616,0.6118950318976728,10.461194152340301,143,0.07315520386251959,53,0.3706293706293706,14
30,32,1.083142214391636,32.49426643174908,1.083142214391636,1124.368817011843,-1062.66172897694,61.70708803490288,61.70708803490288,2187.0305459887823,4.208151811041924,62.535460036182954,-86,-0.727156512048639,12,-0.13953488372093023,30,28,0.9636668722270475,29.178222580285542,0.9636668722270475,1131.6520189229648,-966.9622317202525,164.68978720271238,164.68978720271238,2098.614250643218,4.167205702439673,58.08822874709696,-86,-0.675444520315081,6,-0.06976744186046512,30,27,0.932550250214226,27.97650750642678,0.932550250214226,1113.316411569847,-1144.7664554296562,-31.450043859808197,31.450043859808197,2258.082866999505,4.33606622436814,55.25254831472491,-86,-0.6424714920316851,3,-0.03488372093023256,187,25,0.13722361122627724,31.019566723210353,0.13722361122627724,1159.6329206215178,-1008.5279949933976,151.1049256281206,151.1049256281206,2168.1609156149143,4.2902565102799155,56.6803820225242,71,0.798315239753862,9,0.1267605633802817,14
110,27,0.2506090938198158,34.948951465980684,0.2506090938198158,1088.7958618398866,-1169.8811100692365,-81.08524822934952,81.08524822934952,2258.6769719091217,2.3576337504887124,62.51595178616042,4,15.628987946540105,7,1.75,23,5,0.25318325055334717,6.855212196200824,0.25318325055334717,248.6428085332592,-243.86240332854013,4.7804052047191075,4.7804052047191075,492.5052118617999,0.5111342627496316,12.678426958927808,-87,-0.14572904550491733,45,-0.5172413793103449,23,6,0.26953465975016166,7.5595486800266505,0.26953465975016166,253.70121999961765,-250.719634756164,2.981585243453612,2.981585243453612,504.42085475578165,0.5427509538766342,13.75884585428037,-89,-0.15459377364359966,39,-0.43820224719101125,22,12,0.5736720597994979,20.774548204851477,0.5736720597994979,478.9330475505447,-454.28955666019357,24.643490890350932,24.643490890350932,933.2226042107386,1.0327631519024236,33.39533352044043,-88,-0.3794924263686413,23,-0.26136363636363635,14
14,10,0.7803034867280648,10.924248814192907,0.7803034867280648,343.3026785324401,-283.97106752446143,59.33161100797881,59.33161100797881,627.2737460569015,0.7466151630200444,17.386549515057837,-54,-0.32197313916773773,46,-0.8518518518518519,14,11,0.8096708479144806,11.335391870802729,0.8096708479144806,361.20864386377053,-307.3273352181848,53.88130864558548,53.88130864558548,668.5359790819557,0.7751857717468675,18.474371349647548,-55,-0.3358976609026827,37,-0.6727272727272727,13,11,0.8742759325323634,11.365587122920724,0.8742759325323634,378.48100024875714,-335.5217132035742,42.95928704518283,42.95928704518283,714.0027134523309,0.8133885126519678,19.845432282457843,-56,-0.35438271932960436,31,-0.5535714285714286,14,9,0.7090576293462726,9.926806810847816,0.7090576293462726,349.07919152161975,-310.9558898950538,38.12330162656572,38.12330162656572,660.0350814166734,0.7605603538115038,18.078001224868565,-55,-0.32869093136124666,35,-0.6363636363636364,28
144,4,0.031125840464890666,4.482121026944256,0.031125840464890666,121.14263889728149,-160.45229995582952,-39.30966105854797,39.30966105854797,281.59493885311105,0.6079192073637039,8.228717254636642,107,0.07690389957604338,79,0.7383177570093458,125,2,0.02147944503297337,2.6849306291216712,0.02147944503297337,93.67097001249873,-108.05685741150003,-14.385887399001287,14.385887399001287,201.72782742399878,0.35764787917398094,4.882555562213851,49,0.09964399106558879,93,1.8979591836734695,147,2,0.018500636259774068,2.719593530186788,0.018500636259774068,94.0845195584531,-104.75954355600003,-10.675023997546926,10.675023997546926,198.84406311445304,0.3309841741535812,5.166084342405563,74,0.06981195057304815,98,1.3243243243243243,133,4,0.03730866443732157,7.176680356638426,0.03730866443732157,205.03621553539995,-284.0779358708207,-79.04172033542068,79.04172033542068,489.11415140622074,0.5057395989971093,12.138732726802195,96,0.12644513257085618,44,0.4583333333333333,28
213,33,0.1578027027848769,41.939007908548035,0.1578027027848769,1305.0906162374931,-1044.5785838492393,260.512032388254,260.512032388254,2349.669200086733,3.897811388664942,75.55098360172681,76,0.9940918894964055,9,0.11842105263157894,213,32,0.15088541217379356,42.00948341163779,0.15088541217379356,1236.3093238956033,-959.0983800190678,277.2109438765353,277.2109438765353,2195.407703914671,3.7822370279073976,74.14807620465581,76,0.975632581640208,11,0.14473684210526316,214,33,0.15860261731781744,46.18732548309592,0.15860261731781744,1208.9397161969782,-1012.2692643893727,196.67045180760522,196.67045180760522,2221.208980586353,3.853135403352836,80.12828558910886,77,1.0406270855728423,13,0.16883116883116883,213,32,0.15283263902966204,42.461820393858375,0.15283263902966204,1216.10049484099,-955.3135314287476,260.7869634122418,260.7869634122418,2171.4140262697383,3.800620653449771,75.01517250717639,77,0.9742230195737194,8,0.1038961038961039,28
10,95,9.535450965813457,95.35450965813456,9.535450965813457,2872.3699146477065,-2048.8400406998685,823.529873947837,823.529873947837,4921.209955347574,7.160438355050328,127.62341153161942,-42,-3.038652655514748,6,-0.14285714285714285,131,3,0.03000757040856496,4.19660512548696,0.03000757040856496,200.180565375932,-213.79621897387793,-13.615653597946034,13.615653597946034,413.9767843498102,0.5264599158442382,8.12759684900897,121,0.06717022189263612,39,0.32231404958677684,132,4,0.030458676986952208,4.89966237045629,0.030458676986952208,192.22975665201946,-214.07551927085902,-21.84576261883943,21.84576261883943,406.30527592287865,0.5023566321889564,8.920207732733981,122,0.07311645682568838,40,0.32786885245901637,109,13,0.1241511261486705,38.088309091613475,0.1241511261486705,822.5320929187735,-1119.1008402685375,-296.5687473497638,296.5687473497638,1941.6329331873103,2.622683809244917,51.620781841818555,99,0.521422038806248,9,0.09090909090909091,28
15,10,0.7188212848223343,12.474378391565407,0.7188212848223343,361.13625877351734,-418.7993020340601,-57.6630432605427,57.6630432605427,779.9355608075772,0.781535866555758,23.25669766390042,-19,-1.2240367191526538,25,-1.3157894736842106,15,11,0.7691937137369055,12.002431675265568,0.7691937137369055,399.2735336090803,-459.85451412643556,-60.58098051735519,60.58098051735519,859.1280477355162,0.8532908179576846,23.540337381319148,-22,-1.0700153355145068,30,-1.3636363636363635,15,12,0.8248312199200688,12.372468298801031,0.8248312199200688,411.557572830048,-474.46950397710697,-62.9119311470596,62.9119311470596,886.0270768071539,0.8781865915966733,24.07989835934218,-21,-1.1466618266353419,26,-1.2380952380952381,15,11,0.764815429859858,11.472231447897869,0.764815429859858,373.9104791046318,-406.4361630639031,-32.525683959271255,32.525683959271255,780.3466421685348,0.7903745105138077,21.17794996849617,-17,-1.2457617628527158,27,-1.588235294117647,28
6,3,0.6545806336947173,3.927483802168304,0.6545806336947173,144.43909082036507,-123.31212304480157,21.126967775563447,21.126967775563447,267.7512138651664,0.5551610756063349,7.625899443366445,-118,-0.06462626646920716,67,-0.5677966101694916,6,2,0.4492460535007507,2.695476321004504,0.4492460535007507,77.85861023441153,-88.86348845006769,-11.004878215656152,11.004878215656152,166.7220986844792,0.30814619547950883,4.598658196526997,-64,-0.07185403432073433,127,-1.984375,6,3,0.5326050386324714,3.1956302317948286,0.5326050386324714,97.17136371295142,-93.06240805582533,4.10895565712619,4.10895565712619,190.23377176877676,0.3542770231393019,5.681965316462826,-118,-0.04815224844460022,96,-0.8135593220338984,14,7,0.5106402167529043,7.148963034540659,0.5106402167529043,215.15547523407696,-193.6809785480948,21.47449668598213,21.47449668598213,408.83645378217165,0.5305963487589472,10.694095859173643,-195,-0.0548415172265315,50,-0.2564102564102564,28
34,28,0.8380421509564697,29.40654792922573,0.8380421509564697,1484.8854720516135,-979.8212570055825,505.06421504603117,505.06421504603117,2464.7067290571945,3.0386219074836,57.899981061745706,-46,-1.2586952404727327,5,-0.10869565217391304,34,22,0.667078492179593,25.449899721500035,0.667078492179593,1307.6699476644615,-867.9906282149012,439.67931944956155,439.67931944956155,2175.6605758793635,3.0168265658623987,48.130568455606195,-46,-1.0463167055566565,9,-0.1956521739130435,33,24,0.7562034795374212,24.9547148247349,0.7562034795374212,1519.088691809556,-956.9326457337894,562.1560460757664,562.1560460757664,2476.021337543345,2.9797620494841253,47.47941964472624,-47,-1.0102004179728987,4,-0.0851063829787234,34,24,0.721789164331964,25.47279015669149,0.721789164331964,1456.4356766045867,-967.8062491203357,488.62942748425075,488.62942748425075,2424.2419257249235,3.0724524531721227,50.01362174397827,-46,-1.0872526466082233,5,-0.10869565217391304,28
112,50,0.44977454982544546,50.374749580449894,0.44977454982544546,2184.623232825024,-2315.0674058848485,-130.44417305982404,130.44417305982404,4499.690638709873,4.249079300815257,91.99216166018525,48,1.916503367920526,4,0.08333333333333333,241,5,0.023526416102329,5.66986628066129,0.023526416102329,202.62036087229006,-194.14539980810082,8.474961064189216,8.474961064189216,396.7657606803908,0.5295196046585815,9.704952534253282,54,0.17972134322691263,40,0.7407407407407407,241,5,0.024307122495012358,5.858016521297978,0.024307122495012358,218.72777292863293,-215.02158759204792,3.706185336585112,3.706185336585112,433.7493605206808,0.554029730120088,10.363670307030713,155,0.0668623890776175,41,0.2645161290322581,223,13,0.05853384644682661,13.524619607520156,0.05853384644682661,760.1516739296858,-719.3656895021206,40.78598442756516,40.78598442756516,1479.517363431808,1.7059905739129846,26.57766736516249,59,0.45046893839258456,9,0.15254237288135594,28
12,6,0.5582352238433003,10.505680848203031,0.5582352238433003,337.8603157896113,-418.71314928821675,-80.85283349860553,80.85283349860553,756.5734650778281,0.7089838879343225,17.204503534322633,-23,-0.7480218927966362,25,-1.0869565217391304,1,7,7.243186692314744,12.154546927879222,7.243186692314744,388.5909161513552,-469.6988322003293,-81.10791604897406,81.10791604897406,858.2897483516833,0.7633812537367219,19.397733620193968,-33,-0.5878101097028475,29,-0.8787878787878788,12,7,0.6497915329987418,11.614185669478612,0.6497915329987418,400.2595950374578,-471.10132161695856,-70.84172657950069,70.84172657950069,871.3609166544165,0.7894958473840893,19.411684065463515,-22,-0.882349275702887,27,-1.2272727272727273,109,7,0.06802286046723674,11.289582840037678,0.06802286046723674,356.86984020432664,-445.3679606207682,-88.49812041644121,88.49812041644121,802.2378008250944,0.7101347769434108,18.70407463096648,75,0.24938766174621974,28,0.37333333333333335,28
178,3,0.019927682568294174,3.547127497156363,0.019927682568294174,117.49189082338215,-115.2060850774973,2.285805745884912,2.285805745884912,232.6979759008796,0.43704675997924863,6.0328892974617245,39,0.15468946916568524,88,2.2564102564102564,38,2,0.06442178873653343,2.44802797198827,0.06442178873653343,77.82776232881568,-80.61214681902551,-2.7843844902097548,2.7843844902097548,158.43990914784104,0.23555111098694761,4.289064274678254,16,0.2680665171673909,109,6.8125,103,2,0.022729011436838555,2.3410881779943713,0.022729011436838555,85.68539640998448,-91.55630085874682,-5.87090444876232,5.87090444876232,177.2416972687313,0.2748510804963379,4.212327253043393,81,0.05200404016102954,85,1.0493827160493827,180,5,0.029244762587249347,5.264057265704882,0.029244762587249347,198.77677421897513,-184.27038776339776,14.506386455577303,14.506386455577303,383.04716198237304,0.46357470201590345,9.591803151866884,32,0.2997438484958401,39,1.21875,28
41,27,0.6696865751241242,27.45714958008909,0.6696865751241242,1365.1464535762273,-892.3570689533136,472.7893846229128,472.7893846229128,2257.5035225295405,2.2237458947103663,48.518045311421346,-116,-0.4182590113053564,9,-0.07758620689655173,41,23,0.5724885795815577,23.472031762843866,0.5724885795815577,1203.6454301914127,-718.6127088827329,485.0327213086806,485.0327213086806,1922.2581390741454,2.01851914747069,39.11597727089553,36,1.0865549241915424,7,0.19444444444444445,99,24,0.24862091177318027,32.640732084319154,0.24862091177318027,1074.7340757123775,-1164.0334957317482,-89.29942001937104,89.29942001937104,2238.7675714441248,2.184457983095564,57.254202349864,93,0.6156365844071398,10,0.10752688172043011,41,21,0.5331693395101734,21.85994291991711,0.5331693395101734,1285.3676010406439,-841.6871494684401,443.6804515722044,443.6804515722044,2127.054750509086,2.2325184614813804,41.661418570238354,35,1.1903262448639529,16,0.45714285714285713,28
217,15,0.07180649636835419,15.582009711932859,0.07180649636835419,658.4582097603035,-544.8708517027159,113.58735805758741,113.58735805758741,1203.3290614630198,1.5541081685042415,28.30171635897688,-25,-1.1320686543590752,11,-0.44,32,4,0.129480586688922,4.67917406456305,0.129480586688922,192.1226474420975,-196.58987727404048,-4.467229831942946,4.467229831942946,388.7125247161379,0.5382809715837303,8.822552838608555,-28,-0.3150911728074484,49,-1.75,234,3,0.017024432028495733,4.830443461732468,0.017024432028495733,211.77291824152962,-192.51032959805337,19.262588643476175,19.262588643476175,404.28324783958294,0.5452243309748981,8.81416055640047,55,0.16025746466182672,46,0.8363636363636363,120,6,0.051160868174286916,7.755640861724814,0.051160868174286916,322.58429773552297,-332.194543180661,-9.610245445138055,9.610245445138055,654.7788409161836,0.8382047650370081,13.894945042639243,-60,-0.23158241737732072,25,-0.4166666666666667,28
119,9,0.08269189196197746,9.840335143475318,0.08269189196197746,355.77225150910346,-427.2008283262402,-71.42857681713672,71.42857681713672,782.9730798353432,0.7275077754059053,17.66318527432514,-91,-0.19410093708049606,34,-0.37362637362637363,119,8,0.07501388514032814,8.92665233169905,0.07501388514032814,352.05129468427384,-436.84652663022706,-84.79523194595305,84.79523194595305,788.8978213145023,0.780900272810962,17.7780934134963,-92,-0.19324014579887283,26,-0.2826086956521739,119,10,0.08538322995500082,10.160604364645097,0.08538322995500082,365.39585418345655,-455.5698339726033,-90.17397978914681,90.17397978914681,820.96568815606,0.7806187749405011,20.27134225373605,-94,-0.2156525771674048,28,-0.2978723404255319,89,6,0.07362502419632722,8.069386263692838,0.07362502419632722,294.7866220831,-372.96782760914556,-78.18120552604567,78.18120552604567,667.7544496922452,0.7476351869165898,14.62201341716596,-124,-0.11791946304166097,32,-0.25806451612903225,28
4,4,1.2063530950020769,8.346015892937906,1.2063530950020769,217.8309520192824,-390.8320633585715,-173.00111133928883,173.00111133928883,608.663015377854,0.5754517306687997,13.171428272946214,-31,-0.424884782998265,32,-1.032258064516129,85,2,0.0348330399332676,5.243108794263082,0.0348330399332676,137.52193413017292,-244.37512270758813,-106.85318857741517,106.85318857741517,381.89705683776083,0.30769320339805895,8.203917188590829,42,0.19533136163311499,43,1.0238095238095237,126,2,0.02265374270385897,6.4896254997332985,0.02265374270385897,157.1155072868326,-282.6094681186101,-125.49396083177754,125.49396083177754,439.72497540544276,0.3090304961150094,9.343997080419529,83,0.11257827807734372,35,0.42168674698795183,93,7,0.07739757624735212,15.082415372536458,0.07739757624735212,389.77306517872665,-697.007420308459,-307.23435512973197,307.23435512973197,1086.7804854871858,0.5387745769490703,22.280389963540205,59,0.3776337281955967,11,0.1864406779661017,28
89,18,0.20483360806319212,22.29592071766721,0.20483360806319212,835.3206825068773,-948.1766263445145,-112.855943837637,112.855943837637,1783.4973088513918,1.9856059299615982,40.52611183529131,30,1.3508703945097102,4,0.13333333333333333,89,18,0.20334884059775374,25.122181916219848,0.20334884059775374,819.6784856864635,-1020.7385870725396,-201.0601013860757,201.0601013860757,1840.4170727590028,1.9331961270413576,43.22022872941993,25,1.7288091491767972,15,0.6,89,21,0.23602438465925385,21.006170234673593,0.23602438465925385,848.5776138519681,-952.7334848155376,-104.15587096356975,104.15587096356975,1801.3110986675056,2.089427231508176,38.837202347057,25,1.5534880938822802,15,0.6,89,19,0.22113655889664857,21.068840961224613,0.22113655889664857,839.3072105789687,-1001.4968918496883,-162.1896812707192,162.1896812707192,1840.804102428657,1.9543389975833731,40.74999470302633,25,1.6299997881210533,14,0.56,28
37,23,0.6338178457354179,23.451260292210463,0.6338178457354179,888.5990217708311,-921.8802864516192,-33.2812646807876,33.2812646807876,1810.4793082224521,1.5923946029953264,43.39820663348853,16,2.712387914593033,18,1.125,36,6,0.17872649396417364,6.4341537827102515,0.17872649396417364,218.05906781683103,-196.3507953505865,21.70827246624439,21.70827246624439,414.40986316741726,0.5655067398251747,11.641526069498713,-16,-0.7275953793436696,45,-2.8125,36,6,0.18876284567972748,6.795462444470189,0.18876284567972748,228.93524538313375,-205.18971543424001,23.74552994889383,23.74552994889383,434.12496081737424,0.5680929814525724,11.653972494494797,-94,-0.12397843079249783,40,-0.425531914893617,10,7,0.780060941388077,10.677080085857632,0.780060941388077,438.93025568679224,-391.96390143737284,46.96635424941952,46.96635424941952,830.8941571241653,0.9135278270480873,18.477689499738403,-43,-0.4297137092962419,19,-0.4418604651162791,28
215,10,0.05110431625436162,17.518224575883867,0.05110431625436162,416.6484874841894,-551.6403700920954,-134.9918826079061,134.9918826079061,968.2888575762855,0.7780080692950925,28.505652570571613,163,0.17488130411393626,30,0.18404907975460122,3,9,3.319316274757061,19.22702372072388,3.319316274757061,452.8304843692501,-580.9877071593224,-128.15722279007198,128.15722279007198,1033.8181915285722,0.8147098741233099,29.184972544995063,-47,-0.6209568626594694,30,-0.6382978723404256,2,10,5.433459255794565,19.80031086295655,5.433459255794565,476.89082014164313,-624.2339668675692,-147.3431467259264,147.3431467259264,1101.1247870092127,0.8410937798755879,30.66722937454568,-47,-0.6524942420116102,21,-0.44680851063829785,2,10,5.222139732506416,18.69449021454267,5.222139732506416,466.73042411012113,-564.297845728203,-97.56742161808168,97.56742161808168,1031.0282698383241,0.7333783025536101,29.1387696795555,-48,-0.6070577016574062,22,-0.4583333333333333,8
152,3,0.020684098761362686,3.214851197122214,0.020684098761362686,119.43466613838953,-139.35719769609898,-19.922531557709373,19.922531557709373,258.7918638344884,0.47953982454936367,6.358834208849342,106,0.05998900197027681,64,0.6037735849056604,90,2,0.030392121666245116,2.7352909499620606,0.030392121666245116,86.83886075691245,-94.36272663687915,-7.523865879966694,7.523865879966694,181.2015873937915,0.3399497640629187,4.811335470579936,31,0.1552043700187076,95,3.064516129032258,152,2,0.019303066618158036,2.9340661259600216,0.019303066618158036,83.35671878880092,-85.21213277346236,-1.8554139846613582,1.8554139846613582,168.56885156226338,0.32915129270081755,5.70992346257102,103,0.055436150122048736,96,0.9320388349514563,90,4,0.05369498233360088,5.742195434572719,0.05369498233360088,164.49947065565664,-210.80199126862448,-46.30252061296778,46.30252061296778,375.3014619242811,0.5037190986610481,10.574743844596798,43,0.24592427545573947,64,1.4883720930232558,8
147,35,0.24088089600764867,38.17129244743979,0.24088089600764867,1267.1429739517741,-1693.671844061401,-426.5288701096273,426.5288701096273,2960.8148180131766,4.321465945072776,73.58078416056415,49,1.5016486563380438,8,0.16326530612244897,147,32,0.22114551857059908,35.13155945159308,0.22114551857059908,1202.2103622131863,-1651.7374018320872,-449.52703961890103,449.52703961890103,2853.947764045275,4.315020792521601,67.63995068147113,50,1.3527990136294228,9,0.18,148,35,0.24198540585197617,41.46203123591621,0.24198540585197617,1327.5614272342082,-1733.042893393294,-405.4814661590849,405.4814661590849,3060.6043206275026,4.298547252986153,77.27587130200868,51,1.515213162784484,5,0.09803921568627451,147,33,0.22861995503358254,37.18907935558718,0.22861995503358254,1180.6370252560303,-1605.0957751082199,-424.4587498521895,424.4587498521895,2785.73280036425,4.253274963651671,70.79621274552382,50,1.4159242549104762,5,0.1,8
203,15,0.07637618105163235,24.974900582795847,0.07637618105163235,545.1791570471881,-669.9670583669879,-124.78790131979991,124.78790131979991,1215.1462154141761,1.6897536559178827,40.479265336277216,149,0.2716729217199813,12,0.08053691275167785,86,3,0.03623195419195101,3.2952904637597396,0.03623195419195101,121.84577869826335,-164.8731477947229,-43.02736909645969,43.02736909645969,286.71892649298616,0.4316826021308866,6.411238524267526,-147,-0.043613867512023986,62,-0.4217687074829932,109,3,0.03374821220120801,4.047879609727876,0.03374821220120801,133.2483396214608,-182.82537317259872,-49.577033551137916,49.577033551137916,316.07371279405976,0.4434122851078978,7.726434739659549,-124,-0.06230995757789959,56,-0.45161290322580644,51,6,0.12390601269625812,6.319206647509164,0.12390601269625812,181.07699909936647,-235.16417020452147,-54.087171105154944,54.087171105154944,416.24116930388783,0.6069484860640987,11.043925983698871,-133,-0.08303703747142009,56,-0.42105263157894735,8
124,9,0.07830425233528744,9.709727289575643,0.07830425233528744,293.13639267748897,-296.9207431076102,-3.784350430121326,3.784350430121326,590.057135785099,0.7091662884298241,17.580668665592505,114,0.15421639180344301,45,0.39473684210526316,124,9,0.07824373782972881,9.702223490886372,0.07824373782972881,302.32192399589894,-302.21589818540986,0.10602581048910109,0.10602581048910109,604.5378221813087,0.6818727886895799,16.506228520057174,114,0.14479147824611557,34,0.2982456140350877,124,10,0.08349938816176071,10.353924132058328,0.08349938816176071,309.74653099763225,-313.9538430293927,-4.207312031760624,4.207312031760624,623.7003740270252,0.7140148619463098,17.224825198768258,-100,-0.17224825198768257,32,-0.32,124,8,0.06678367574783388,8.281175792731402,0.06678367574783388,291.9669636279945,-300.1806828164187,-8.21371918842406,8.21371918842406,592.1476464444131,0.642230467427936,15.1014386455172,-42,-0.3595580629885048,26,-0.6190476190476191,8
80,3,0.04017174718444978,4.22216386153878,0.04017174718444978,130.56060069240647,-180.136681108618,-49.57608041621158,49.57608041621158,310.69728180102453,0.4710995839236955,7.435903636294762,-96,-0.07745732954473711,66,-0.6875,87,2,0.023516947542944647,2.6165471228188655,0.023516947542944647,83.93455999636413,-123.60943491604012,-39.67487491967602,39.67487491967602,207.54399491240437,0.31894827330791736,4.662521559055049,75,0.06216695412073399,105,1.4,89,2,0.02519040012958341,2.3087000873739836,0.02519040012958341,77.11057789964663,-123.53908671330505,-46.42850881365846,46.42850881365846,200.64966461295174,0.2934797948152793,4.550645698906907,77,0.05909929479099879,116,1.5064935064935066,90,5,0.056497675570044176,5.470100933897568,0.056497675570044176,155.1661974121856,-247.22106787903004,-92.0548704668444,92.0548704668444,402.3872652912152,0.5429974784852035,10.554891735201544,76,0.13888015441054663,55,0.7236842105263158,8
187,33,0.18177001592971864,38.72450137271541,0.18177001592971864,1658.2678472163486,-1533.120513126992,125.14733408935676,125.14733408935676,3191.3883603433414,4.577554035050136,72.7154943515728,153,0.4752646689645281,4,0.026143790849673203,89,33,0.3811971678144388,35.82694036477441,0.3811971678144388,1540.7262844766494,-1402.6292679923033,138.09701648434643,138.09701648434643,2943.355552468953,4.496406137831248,69.75348830025946,55,1.2682452418228993,10,0.18181818181818182,187,33,0.18073739554553925,42.48537813396639,0.18073739554553925,1646.620261395854,-1522.7323402247762,123.88792117107758,123.88792117107758,3169.352601620631,4.539073069834303,76.28327110098223,153,0.49858347124824987,12,0.0784313725490196,89,35,0.4007681197061791,38.161489470479985,0.4007681197061791,1618.8041368728632,-1454.8040360414861,164.00010083137732,164.00010083137732,3073.608172914348,4.538126782444198,73.82985212432993,55,1.3423609477150897,9,0.16363636363636364,8
130,51,0.39591798710015946,51.46933832302073,0.39591798710015946,1164.1897267241027,-1713.1750717755087,-548.9853450514049,548.9853450514049,2877.364798499609,2.923284936582473,77.47406044944339,-46,-1.6842187054226823,11,-0.2391304347826087,229,4,0.017891980694487452,4.794081776701387,0.017891980694487452,172.10140997584764,-190.96037792785867,-18.858967952011024,18.858967952011024,363.0617879037063,0.4883168713892301,8.891345355739013,100,0.08891345355739012,38,0.38,229,4,0.020959020458301347,5.619406405181231,0.020959020458301347,200.86780414028786,-206.4464274397819,-5.578623299494116,5.578623299494116,407.3142315800698,0.5184889318165989,10.41902209013224,100,0.10419022090132239,49,0.49,191,9,0.050558297711995305,21.201056211135363,0.050558297711995305,597.9980441873874,-509.3770913660378,88.62095282134997,88.62095282134997,1107.3751355534253,1.1058768174425155,30.857691074126464,61,0.5058637881004339,13,0.21311475409836064,8
171,8,0.05002630828532805,8.554498716791096,0.05002630828532805,380.89047163669517,-357.956005382875,22.934466253819977,22.934466253819977,738.8464770195696,0.8265257371399497,15.026296316507647,-83,-0.18103971465671864,31,-0.37349397590361444,2,8,4.337400125053164,8.674800250106328,4.337400125053164,382.0946198872962,-357.0635899379385,25.031029949357702,25.031029949357702,739.1582098252353,0.7881832570316819,15.525209722072082,-129,-0.12035046296179909,32,-0.24806201550387597,2,9,4.697351734985003,9.394703469970006,4.697351734985003,391.39771753819383,-368.4656668540836,22.932050684110347,22.932050684110347,759.8633843922782,0.8524684421134641,15.653225554859546,-129,-0.12134283375860112,34,-0.26356589147286824,77,8,0.11034370466675307,8.496465259339987,0.11034370466675307,318.25285275419856,-324.70608018076706,-6.453227426568475,6.453227426568475,642.9589329349661,0.7737392721265142,14.71510136772114,-113,-0.1302221359975322,25,-0.22123893805309736,8
214,5,0.025204950335324813,5.436742308784923,0.025204950335324813,146.8080251361905,-230.40053304703181,-83.59250791084126,83.59250791084126,377.2085581832222,0.45693854683926244,10.830601680544433,-27,-0.40113339557571975,65,-2.4074074074074074,214,2,0.011906842392992485,3.427653010341672,0.011906842392992485,93.1351474178023,-118.88760246098421,-25.75245504318196,25.75245504318196,212.02274987878653,0.3046888847516006,5.975717282442064,-18,-0.33198429346900354,90,-5.0,213,3,0.014098819732960441,3.7873884217768303,0.014098819732960441,100.98993550070726,-141.85610470441404,-40.8661692037069,40.8661692037069,242.84604020512117,0.3154790093225105,6.790437024897404,-19,-0.35739142236302124,82,-4.315789473684211,213,6,0.029006145099121004,8.3862516652069,0.029006145099121004,259.38022285601045,-356.06108014380044,-96.68085728779,96.68085728779,615.4413029998112,0.5759528315267319,14.564560571319674,-19,-0.7665558195431408,40,-2.1052631578947367,8
158,33,0.21129283938238044,33.38426862241611,0.21129283938238044,1762.8847843917897,-1353.0719405129175,409.81284387887206,409.81284387887206,3115.95672490471,4.607002406147923,66.57912976250168,35,1.902260850357191,5,0.14285714285714285,52,35,0.6753315441120495,35.117240293826576,0.6753315441120495,1757.5087448542429,-1382.9323524083622,374.5763924458813,374.5763924458813,3140.4410972626074,4.519655422270273,67.08077344745986,-71,-0.9447996260205614,8,-0.11267605633802817,52,34,0.6654622403624463,34.60403649884721,0.6654622403624463,1707.9447660574601,-1343.3317266352065,364.6130394222546,364.6130394222546,3051.2764926926666,4.5278042240513106,63.61514290335557,-71,-0.8959879282162756,6,-0.08450704225352113,52,36,0.6925131320293152,36.01068286552439,0.6925131320293152,1759.7554804544695,-1371.951794899373,387.8036855550968,387.8036855550968,3131.7072753538414,4.479707511845177,67.84670384545416,-71,-0.9555873781049882,5,-0.07042253521126761,8
227,7,0.033790200267434546,8.335139907266495,0.033790200267434546,323.31172294053135,-326.7936169628436,-3.4818940223121793,3.4818940223121793,650.1053399033747,1.206734863268279,16.005515367974137,117,0.1367992766493516,31,0.26495726495726496,245,4,0.017644462114458626,4.322893218042363,0.017644462114458626,167.26923439735765,-204.55159548867564,-37.28236109131798,37.28236109131798,371.82082988603344,0.5597004602923031,8.48147393206682,67,0.1265891631651764,60,0.8955223880597015,245,4,0.019523058170370575,4.783149251740791,0.019523058170370575,192.94015547527437,-207.8901789242235,-14.950023448949155,14.950023448949155,400.83033439949776,0.5634586779400169,9.17337121188789,-6,-1.528895201981315,53,-8.833333333333334,241,6,0.02527218490469056,6.580850705531374,0.02527218490469056,264.0575217286632,-311.82952663001726,-47.772004901354094,47.772004901354094,575.8870483586805,0.7829469764596426,12.671447267561799,-10,-1.26714472675618,32,-3.2,8
210,12,0.05902511702804785,23.874586368410448,0.05902511702804785,867.4169890815662,-659.3732363595498,208.04375272201642,208.04375272201642,1526.7902254411151,0.694452871000729,36.2698609443005,55,0.6594520171691,18,0.32727272727272727,212,13,0.06481058863706966,24.59438135641789,0.06481058863706966,934.0490134115583,-723.8950908738344,210.15392253772373,210.15392253772373,1657.9441042853928,0.804618885921873,38.334226147476656,57,0.6725302832890642,12,0.21052631578947367,212,13,0.064863300915757,25.819157885338477,0.064863300915757,964.2057544038238,-736.3041264220582,227.9016279817652,227.9016279817652,1700.5098808258822,0.8217231752749189,39.57017767947896,56,0.7066103157049815,16,0.2857142857142857,210,13,0.06323308695146948,22.59382864630765,0.06323308695146948,851.5083983975559,-673.1089230220739,178.3994753754824,178.3994753754824,1524.6173214196297,0.7735014539634253,35.87277690611624,55,0.6522323073839317,16,0.2909090909090909,8
38,3,0.09640659363984702,4.490297922753221,0.09640659363984702,154.57056418106032,-155.37857473271578,-0.8080105516553988,0.8080105516553988,309.94913891377604,0.3722199393112477,8.153748481067408,13,0.6272114216205699,67,5.153846153846154,120,1,0.014999264568140791,2.6383297588546806,0.014999264568140791,101.45451319652445,-97.72001615865207,3.734497037872403,3.734497037872403,199.17452935517656,0.30707147738944407,4.4382415070315755,95,0.046718331652963956,90,0.9473684210526315,125,2,0.01793977495446359,2.92512981316209,0.01793977495446359,106.68970659912242,-112.95489888262748,-6.265192283505133,6.265192283505133,219.64460548174998,0.31631769861631065,5.167601682470039,99,0.052197996792626655,80,0.8080808080808081,121,6,0.057130696310558705,7.3809977940591045,0.057130696310558705,239.36562073033147,-202.63645758502633,36.72916314530527,36.72916314530527,442.00207831535783,0.553693568494075,14.293812047636708,120,0.11911510039697257,63,0.525,8
166,53,0.32034291694834216,53.1769242134248,0.32034291694834216,1690.5707549148167,-2258.4993036976334,-567.928548782818,567.928548782818,3949.070058612452,6.145878479737954,101.14177686395752,-64,-1.5803402634993362,6,-0.09375,166,48,0.29114024139897343,48.32928007222959,0.29114024139897343,1628.5061965138095,-2210.957616265627,-582.4514197518164,582.4514197518164,3839.463812779435,6.027228209020404,95.2817436268181,-64,-1.4887772441690328,8,-0.125,166,51,0.3076274599148266,51.06615834586121,0.3076274599148266,1722.39244151346,-2163.571653640901,-441.1792121274407,441.1792121274407,3885.964095154359,6.182801684179708,98.21947033519243,-64,-1.5346792239873817,4,-0.0625,166,50,0.3021222691520078,50.152296679233295,0.3021222691520078,1637.1351836241058,-2217.736850031761,-580.6016664076557,580.6016664076557,3854.8720336558663,5.955015114654553,96.47090666294483,-64,-1.507357916608513,6,-0.09375,8
52,18,0.35643354012335465,23.402839625675732,0.35643354012335465,1004.1849805931123,-597.1845262311263,407.00045436198553,407.00045436198553,1601.3695068242394,1.5367986460911287,41.937383712090174,51,0.8223016414135328,13,0.2549019607843137,252,5,0.020303232636879394,5.116414624493607,0.020303232636879394,187.28011725991217,-166.20760354832177,21.072513711590425,21.072513711590425,353.4877208082337,0.5411174722999117,9.558921455125548,217,0.04405032928629285,63,0.2903225806451613,7,5,0.8065013955920334,5.645509769144233,0.8065013955920334,222.30909664486708,-202.54453921227446,19.764557432592564,19.764557432592564,424.85363585714157,0.571457069907151,10.378037619650051,-30,-0.3459345873216684,39,-1.3,1,14,14.701498089826183,14.701498089826183,14.701498089826183,354.15211508624736,-425.5599305227119,-71.40781543646415,71.40781543646415,779.7120456089592,0.8348336365211759,26.65367939673298,-34,-0.7839317469627347,16,-0.47058823529411764,8
